{
  "overall": {
    "count": 4,
    "hits": 1,
    "hit_rate": 0.25,
    "brier": 0.3127054902377935,
    "log_loss": 0.7965131384357909,
    "stake": 300.0,
    "profit": 60.0,
    "roi": 0.2,
    "average_expected_return": 1.4486608221434807
  },
  "by_play": {
    "总进球": {
      "count": 1,
      "hits": 1,
      "hit_rate": 1.0,
      "brier": 0.5903193764134945,
      "log_loss": 1.4624087145460143,
      "stake": 100.0,
      "profit": 260.0,
      "roi": 2.6,
      "average_expected_return": 0.8340392052093563
    },
    "胜平负": {
      "count": 1,
      "hits": 0,
      "hit_rate": 0.0,
      "brier": 0.43968737704894373,
      "log_loss": 1.0879372732828958,
      "stake": 100.0,
      "profit": -100.0,
      "roi": -1.0,
      "average_expected_return": 0.9283249748961457
    },
    "半全场": {
      "count": 1,
      "hits": 0,
      "hit_rate": 0.0,
      "brier": 0.22081420748873576,
      "log_loss": 0.63470606558067,
      "stake": 50.0,
      "profit": -50.0,
      "roi": -1.0,
      "average_expected_return": 1.1371791084684206
    },
    "其他串关": {
      "count": 1,
      "hits": 0,
      "hit_rate": 0.0,
      "brier": 1e-06,
      "log_loss": 0.0010005003335835344,
      "stake": 50.0,
      "profit": -50.0,
      "roi": -1.0,
      "average_expected_return": 2.8951
    }
  }
}